<?xml version="1.0" encoding="UTF-8"?>
<!DOCTYPE hibernate-configuration PUBLIC
        "-//Hibernate/Hibernate Configuration DTD 3.0//EN"
        "http://hibernate.org/dtd/hibernate-configuration-3.0.dtd">
<hibernate-configuration>
    <session-factory>
        <property name="hibernate.connection.driver_class">com.mysql.jdbc.Driver</property>
        <property name="hibernate.connection.url">jdbc:mysql://localhost:3306/db4</property>
        <property name="hibernate.connection.username">root</property>
        <property name="hibernate.connection.password">mysql</property>
        <property name="hibernate.connection.pool_size">100</property>
        <property name="hibernate.show_sql">true</property>
        <property name="hibernate.hbm2ddl.auto">update</property>

        <property name="hibernate.dialect">org.hibernate.dialect.MySQL5Dialect</property>
        <mapping class="com.coforge.model.Employee" />
    </session-factory>
</hibernate-configuration>